14,206,1,206,1,,,,,,,,,,,,,,,,,,,,,,,,,
,,,,,,,,,,,,,,,,,,,,,,,,,,,,,
Sample,Site,Af-01A,Af-01B,Af-02A,Af-02B,AfAp-01A,AfAp-01B,AfAp-02A,AfAp-02B,AfAp-03A,AfAp-03B,AfAp-04A,AfAp-04B,AfAp-05A,AfAp-05B,AfAp-07A,AfAp-07B,AfAp-08A,AfAp-08B,AfAp-09A,AfAp-09B,AfAp-10A,AfAp-10B,1578A,1578B,65A,65B,C1 A,C1 B
Dad004,PG,315,315,126,126,141,147,172,188,286,286,192,207,227,230,149,157,225,235,332,332,187,199,151,155,259,261,113,113
Dad005,PG,303,306,126,126,131,134,176,188,271,276,197,252,225,227,149,157,210,235,338,338,171,191,151,153,259,261,113,113
Dad020,PG,300,303,120,126,137,162,188,200,286,286,182,202,213,219,141,161,230,240,332,332,187,191,153,153,259,259,117,117
Dad023,PG,303,306,126,132,150,159,176,200,271,271,197,207,227,239,139,153,235,250,332,332,187,195,151,153,261,263,109,117
Dad027,PG,290,309,126,132,131,150,192,200,256,266,192,197,227,227,161,161,210,235,332,332,151,203,151,153,263,263,105,113
Dad055,PG,303,303,114,126,144,147,159,172,271,286,192,227,227,233,141,173,235,240,329,332,171,187,151,153,261,263,105,113
Dad057,PG,303,303,126,126,137,137,188,188,266,271,207,207,216,227,157,157,230,230,332,332,187,191,151,151,263,263,105,113
Dad062,PG,303,309,126,126,131,144,188,192,266,291,172,202,227,227,165,169,230,235,332,332,175,195,151,153,259,259,113,113
Dad066,PG,303,303,126,126,131,141,176,180,276,281,152,192,227,230,137,153,245,245,332,335,167,195,151,153,263,263,109,117
Dad068,PG,300,303,126,126,144,147,180,184,276,286,152,177,225,227,149,153,225,240,332,332,175,187,151,153,259,263,113,117
Dad075,PG,303,309,126,138,137,141,172,184,291,296,207,217,227,230,141,157,230,240,335,338,191,195,151,151,261,0,105,113
Dad080,PG,309,309,126,126,144,180,184,184,276,286,192,202,230,233,169,177,230,235,332,335,179,183,153,153,261,261,113,117
Dad085,PG,303,306,120,126,144,144,168,196,271,296,197,207,219,225,145,145,230,235,332,332,175,183,151,151,263,263,109,113
Dad086,PG,303,315,126,126,137,180,172,176,266,276,202,227,213,225,141,161,225,230,332,332,191,195,151,151,261,263,109,113
Dad088,PG,303,306,126,126,137,144,188,200,271,271,192,202,219,227,153,153,220,255,332,332,191,191,151,153,261,263,105,117
Dad093,PG,315,322,114,126,144,156,184,196,281,296,187,212,227,227,149,181,230,235,329,332,187,195,155,155,261,261,113,113
Dad097,PG,306,322,126,126,147,147,188,196,266,276,202,257,225,227,123,165,225,235,329,332,183,191,151,155,261,263,113,113
Dad101,PG,306,312,126,132,141,147,192,196,276,291,172,182,219,227,123,157,225,235,335,335,175,199,151,153,261,263,113,113
Dad102,PG,303,325,120,126,150,156,184,188,291,291,167,217,213,230,145,145,230,235,332,335,155,179,151,155,259,263,113,117
Dad106,PG,303,309,126,126,144,144,172,208,276,286,217,227,227,242,141,161,215,225,332,335,163,191,151,153,259,259,113,113
Dad108,PG,303,306,114,126,147,150,176,192,266,276,187,197,225,230,137,153,225,225,332,332,171,179,151,153,259,261,109,113
Dad111,PG,300,306,126,126,141,141,172,172,276,281,187,207,213,225,145,149,230,235,332,332,179,191,151,155,259,0,113,117
Dad113,PG,306,325,126,132,131,147,176,176,276,286,187,212,213,227,153,161,220,235,332,335,187,203,151,151,259,263,109,117
Dad120,PG,303,303,114,114,147,147,188,196,271,286,192,202,227,227,153,167,225,240,332,335,171,199,149,153,263,263,113,113
Dad121,PG,303,315,126,126,156,156,172,192,271,286,167,212,225,239,123,149,230,235,332,332,183,191,151,153,259,261,113,113
Dad123,PG,303,309,120,126,131,137,180,196,271,276,172,197,219,219,149,173,220,240,332,332,191,199,151,151,261,263,113,117
Dad126,PG,303,315,126,126,131,159,137,200,276,276,197,217,227,230,127,181,215,230,332,335,183,203,151,151,263,263,113,117
Dad128,PG,303,303,126,126,137,137,137,141,276,301,187,207,213,227,149,153,240,245,332,332,187,187,151,155,259,0,105,117
Dad130,PG,309,309,126,126,131,162,172,172,281,301,162,212,213,225,135,161,225,225,332,332,183,187,151,153,261,263,109,113
Dad132,PG,303,303,126,132,131,147,192,208,266,271,177,202,219,219,157,181,230,235,332,335,187,199,151,153,259,261,109,117
Dad136,PG,303,315,126,126,156,156,176,176,276,291,152,177,213,225,139,149,230,235,332,332,183,187,149,153,259,261,109,117
Dad138,PG,309,309,114,126,131,147,137,141,266,276,197,202,213,227,155,155,230,235,332,332,187,191,153,155,261,261,113,117
Dad140,PG,303,306,126,126,137,137,184,204,266,276,197,212,230,233,141,157,230,245,335,335,171,187,151,153,261,261,117,117
Dad143,PG,303,303,114,126,131,150,176,184,281,296,202,207,213,233,145,149,235,235,335,338,175,195,155,155,261,263,109,113
Dad144,PG,306,309,126,126,147,150,172,184,281,281,157,187,216,219,149,157,230,235,314,335,183,195,151,151,259,259,113,113
Dad145,PG,303,303,126,126,137,150,224,224,276,281,177,197,227,227,137,167,220,225,332,338,163,191,153,155,261,261,109,109
Dad147,PG,303,306,126,132,144,162,172,192,261,271,207,207,213,230,145,149,220,230,332,335,179,179,151,155,261,261,113,113
Dad148,PG,303,303,126,132,131,141,196,196,286,291,192,202,227,227,153,169,235,240,332,335,179,187,151,151,261,0,109,113
Dad150,PG,300,303,126,126,144,144,172,188,271,286,197,207,227,230,137,145,230,230,332,335,191,203,151,155,259,263,109,109
Dad151,PG,303,309,126,126,131,147,196,196,271,291,207,227,213,225,149,153,205,250,329,332,163,187,151,153,261,263,113,117
Dad154,PG,303,303,126,126,131,150,184,196,266,286,187,207,227,227,149,149,230,235,332,338,171,175,151,151,259,263,113,117
Dad157,PG,309,309,132,138,144,156,163,163,271,286,202,207,219,230,137,137,240,240,332,335,187,199,151,151,259,263,109,113
Dad161,PG,309,309,126,126,137,168,145,208,276,276,197,212,219,230,143,143,225,260,332,335,187,187,151,155,261,263,113,113
Dad162,PG,303,312,126,126,144,144,176,192,271,276,172,182,213,213,153,163,235,240,335,335,187,187,149,151,259,261,109,117
Dad164,PG,291,315,114,126,131,131,184,200,271,281,157,212,227,227,141,173,225,235,332,335,187,199,149,153,259,261,117,117
Dad166,PG,306,315,126,126,141,144,180,180,281,291,202,227,230,236,137,145,215,215,332,332,175,187,151,151,261,261,113,113
Dad177,PG,303,303,120,132,131,156,172,188,266,281,207,247,219,230,157,173,205,245,332,332,183,191,151,155,259,261,113,113
Dad185,PG,303,303,126,132,156,156,192,192,276,291,167,192,225,227,137,139,215,235,332,332,183,187,151,155,259,261,113,113
Dad188,PG,300,303,120,138,141,159,196,196,276,286,202,227,227,230,145,153,230,235,329,332,171,187,153,155,259,259,109,113
Dad189,PG,306,312,126,126,137,147,163,172,276,276,202,217,227,227,141,153,225,235,332,338,155,171,151,155,261,261,113,117
Dad194,PG,303,306,126,132,159,174,141,159,286,286,202,207,225,225,157,157,225,260,326,335,175,187,151,151,259,263,113,113
Dad195,PG,300,303,120,126,147,156,176,176,266,266,192,197,216,227,137,157,230,235,332,335,183,187,149,151,261,263,105,109
Dad196,PG,309,315,126,132,141,141,200,204,266,291,192,212,227,227,157,169,235,240,332,335,187,191,153,155,263,263,113,117
Dad198,PG,306,306,126,126,137,147,163,216,281,281,197,217,219,227,143,173,220,225,332,335,171,187,153,153,259,261,113,113
Dad200,PG,303,306,132,132,131,180,172,204,281,286,197,202,227,242,145,181,230,245,332,335,183,191,151,151,261,263,113,113
Dad201,PG,309,312,120,126,137,147,141,196,271,301,202,227,227,227,137,145,225,235,332,335,191,199,153,153,261,263,117,117
Dad202,PG,303,312,126,132,147,159,180,192,271,286,172,187,225,233,153,157,235,245,332,332,155,191,151,159,259,263,113,117
Dad203,PG,303,306,126,126,131,174,184,184,266,286,187,192,230,230,149,153,240,245,332,332,191,199,153,155,259,263,109,109
Dad204,PG,306,318,120,126,131,180,176,192,276,286,187,197,227,227,141,149,225,240,326,332,147,179,149,153,259,261,113,117
Dad233,PG,303,303,126,126,137,141,176,184,276,276,192,222,225,227,137,153,225,240,332,335,187,195,149,155,261,263,113,113
Dad234,PG,303,309,126,126,159,159,196,208,271,286,217,222,213,219,135,153,210,250,329,332,187,195,151,151,259,261,109,117
Dad238,PG,300,309,126,132,131,159,188,188,271,281,192,207,213,227,157,169,245,245,335,335,187,187,151,151,259,259,113,113
Dad244,PG,309,309,126,126,137,162,176,184,281,286,212,237,230,236,137,145,220,230,332,335,171,191,153,153,261,263,109,117
Dad248,PG,306,315,126,132,147,162,184,208,281,296,187,197,219,227,145,169,220,240,332,335,187,191,151,153,261,263,113,113
Dad252,PG,306,309,126,132,141,144,196,204,271,286,202,222,230,233,149,157,240,240,332,332,163,199,151,151,261,263,109,109
Dad253,PG,303,303,126,126,144,156,172,180,276,281,197,197,213,225,131,157,205,210,335,335,187,191,151,153,261,263,113,117
Juv043,PG,303,306,114,126,141,144,172,196,276,281,172,207,227,227,135,153,210,230,332,332,175,191,151,153,259,261,105,113
Juv052,PG,309,309,126,126,131,144,137,180,271,271,187,207,227,230,137,149,235,255,332,335,191,199,149,155,261,263,113,117
Juv064,PG,303,303,114,126,147,147,184,200,276,296,197,202,213,227,137,161,225,230,332,332,179,199,151,153,261,263,113,113
Juv089,PG,306,309,126,126,156,162,184,188,276,286,182,192,213,227,133,145,235,235,332,338,179,183,151,151,259,263,109,113
Juv109,PG,309,315,126,132,131,159,137,184,276,276,172,202,225,233,145,149,220,235,335,338,187,191,149,151,261,261,113,117
Juv127,PG,303,309,126,132,144,147,192,192,261,276,152,187,225,227,149,149,225,240,332,335,183,195,151,151,263,263,105,113
Juv135,PG,309,315,126,126,147,147,188,192,271,291,187,202,219,227,143,157,220,225,332,332,179,191,153,155,259,263,113,113
Juv156,PG,303,315,120,126,137,153,168,180,276,296,192,212,219,230,141,149,235,235,332,332,171,179,151,155,259,261,113,113
Juv168,PG,303,309,126,132,131,150,176,184,276,281,197,212,227,230,149,165,210,235,332,335,187,199,151,153,259,259,109,117
Juv169,PG,303,309,126,126,144,144,180,212,276,296,172,212,227,227,137,165,225,235,332,335,183,191,151,153,259,259,113,117
Juv170,PG,309,325,114,120,144,150,176,188,266,281,197,202,227,239,165,181,220,230,329,332,183,187,151,153,261,263,117,117
Juv171,PG,309,309,126,126,141,141,141,180,276,281,197,242,213,225,115,145,220,235,332,338,187,199,151,153,259,259,113,117
Juv172,PG,303,315,120,126,141,147,184,204,276,291,187,192,227,230,127,157,230,250,332,335,163,191,153,153,259,261,105,117
Juv173,PG,303,309,120,126,144,156,180,204,271,281,197,197,225,233,153,157,225,255,332,335,187,191,151,153,261,263,109,113
Juv175,PG,312,315,126,126,137,156,172,224,281,286,157,182,227,227,145,153,210,245,332,332,171,179,149,155,263,263,113,113
Juv178,PG,306,312,120,126,156,156,180,192,276,276,202,207,227,236,153,157,210,230,326,332,187,191,151,151,259,261,113,113
Juv191,PG,300,303,120,126,137,144,176,204,271,296,197,202,213,219,153,153,235,240,326,332,183,183,151,151,261,263,109,117
Juv205,PG,303,315,126,126,131,144,176,200,276,286,187,212,213,219,155,157,230,245,332,332,171,191,149,153,259,263,113,113
Juv206,PG,300,315,126,126,147,150,172,188,256,286,192,207,227,230,153,165,220,220,332,338,175,195,153,155,259,261,113,113
Juv207,PG,303,309,126,126,137,147,188,192,276,281,192,212,225,227,137,153,205,205,335,338,171,171,151,155,259,263,113,113
Juv208,PG,303,309,120,126,137,147,192,192,276,286,192,197,219,225,149,153,215,245,329,332,187,191,151,153,259,261,113,117
Juv209,PG,303,322,126,126,147,153,192,200,276,276,152,197,219,233,153,165,235,235,332,332,187,191,151,153,261,263,109,109
Juv210,PG,297,303,126,126,141,147,176,200,276,276,197,197,227,230,141,161,230,235,332,335,171,199,153,155,261,261,113,113
Juv213,PG,309,315,126,132,131,141,192,196,271,291,187,197,225,239,165,165,215,230,332,332,187,187,153,153,259,261,113,113
Juv214,PG,303,309,126,126,137,159,176,184,276,276,192,207,230,233,149,181,230,240,332,332,195,199,151,151,261,263,109,113
Juv215,PG,306,322,120,126,144,147,176,180,266,271,172,187,227,227,133,133,230,235,332,332,179,187,151,151,261,263,109,113
Juv216,PG,303,303,126,126,144,159,188,188,271,276,192,192,219,233,137,141,235,250,332,332,171,187,151,153,259,263,113,117
Juv217,PG,300,303,126,126,141,156,184,204,266,301,187,197,213,225,153,157,220,230,332,332,191,191,153,153,263,263,113,117
Juv219,PG,303,309,120,126,137,137,172,184,266,271,197,222,213,225,123,137,240,245,332,335,167,187,151,155,261,263,113,117
Juv221,PG,303,303,126,132,141,147,192,192,281,291,182,197,230,230,165,165,235,260,332,338,191,199,151,153,259,263,113,117
Juv222,PG,300,309,126,126,141,159,192,192,281,291,157,192,230,230,149,153,225,230,335,338,167,191,151,155,259,263,113,117
Juv223,PG,300,303,126,126,144,159,172,204,271,276,192,197,216,219,157,157,235,235,332,335,183,187,149,155,259,263,109,113
Juv224,PG,309,309,126,132,131,137,180,192,271,271,197,197,219,219,157,165,220,245,332,335,171,187,151,155,261,263,113,117
Juv225,PG,303,303,126,126,141,144,180,188,281,281,202,202,225,227,157,165,235,245,326,335,183,191,151,155,261,263,113,113
Juv226,PG,309,322,126,126,137,147,180,188,266,281,197,202,227,227,153,157,230,230,335,335,159,175,151,153,259,259,113,113
Juv228,PG,303,309,126,126,156,159,188,196,281,281,197,202,227,227,147,157,215,215,332,335,187,195,151,153,263,263,113,113
Juv229,PG,303,303,126,132,156,168,172,188,261,276,152,212,219,230,137,173,235,245,326,332,191,191,151,153,263,263,105,113
Juv230,PG,309,309,126,132,150,174,180,204,271,271,207,207,227,230,149,169,240,245,332,335,163,183,151,153,261,263,109,113
Juv237,PG,315,325,126,126,153,156,129,129,266,276,197,202,227,233,145,153,240,240,332,332,151,187,151,153,263,263,113,113
Juv243,PG,303,306,126,126,131,144,184,204,271,281,187,202,233,236,149,173,220,235,332,335,187,187,151,153,259,259,105,113
Juv250,PG,309,312,120,120,147,174,176,184,266,286,172,197,213,227,157,165,215,230,332,332,183,195,151,153,259,263,117,117
Juv251,PG,303,303,126,132,141,162,192,208,266,291,152,217,227,230,145,149,225,235,332,335,175,187,151,153,259,261,113,113
Juv254,PG,303,303,126,126,131,131,188,188,276,276,192,202,213,219,149,165,240,250,326,335,155,191,151,151,259,261,113,113
Juv258,PG,309,312,126,132,147,174,184,208,266,276,192,222,213,227,141,165,230,240,332,332,183,195,151,151,259,263,109,113
Juv259,PG,303,303,126,132,141,162,176,196,266,286,197,197,227,230,153,165,235,235,332,335,167,179,149,153,259,259,109,113
Juv260,PG,306,309,120,126,141,144,137,212,266,271,0,182,230,233,149,173,225,225,332,338,171,171,153,155,263,263,113,117
Juv261,PG,303,303,126,126,144,156,163,180,276,281,177,187,213,225,153,165,230,240,332,332,175,183,151,151,259,263,117,117
Juv262,PG,303,303,126,126,131,131,168,196,276,281,172,197,213,219,145,153,220,235,332,335,171,175,151,151,261,263,113,117
Mom029,PG,306,315,126,126,141,144,172,208,276,291,192,197,219,227,149,157,210,230,332,338,175,195,155,155,261,263,109,113
Mom030,PG,303,306,114,126,147,147,176,208,266,276,197,222,219,227,137,153,235,240,332,332,187,195,151,151,259,263,109,113
Mom032,PG,306,306,126,126,137,156,192,192,286,291,192,217,242,242,149,163,230,240,332,335,187,187,153,153,259,263,109,113
Mom037,PG,300,315,126,126,141,162,137,208,271,291,187,197,219,225,141,149,205,235,332,335,183,191,151,155,259,263,113,117
Mom042,PG,303,306,126,132,137,137,184,200,276,286,197,202,227,227,145,177,230,240,332,332,171,175,151,151,261,261,109,113
Mom045,PG,315,322,126,126,147,156,180,204,276,276,192,222,213,242,153,153,220,220,332,335,171,183,151,153,259,263,109,113
Mom047,PG,306,309,120,126,144,147,192,196,276,286,172,212,227,230,149,165,230,235,326,332,171,191,151,153,259,263,113,113
Mom050,PG,303,306,126,126,141,147,172,196,276,281,177,207,230,233,137,157,240,250,335,335,183,191,153,155,261,263,113,113
Mom056,PG,303,309,126,126,156,165,184,196,266,286,207,207,227,227,137,153,230,235,332,332,155,183,151,151,259,259,117,117
Mom059,PG,303,303,126,126,141,144,172,196,271,276,187,197,219,222,145,173,215,230,332,338,179,199,149,155,261,261,113,113
Mom060,PG,303,322,126,126,141,147,137,137,276,291,192,212,219,230,135,196,220,230,332,332,187,191,151,153,259,259,113,117
Mom063,PG,303,315,126,126,131,131,200,200,271,286,172,192,219,227,141,165,215,230,332,332,187,191,151,153,259,263,105,105
Mom067,PG,303,309,126,126,144,162,180,208,256,281,197,197,219,227,141,157,205,205,332,335,191,195,151,151,259,261,113,113
Mom069,PG,303,309,126,132,144,162,172,196,281,291,207,212,227,230,141,165,230,235,332,332,191,191,151,155,263,263,109,113
Mom073,PG,306,309,120,120,131,156,176,204,291,291,187,202,227,230,141,145,225,235,332,332,187,195,151,151,259,263,109,113
Mom077,PG,309,315,126,132,156,174,180,200,271,281,192,207,225,230,149,181,210,240,332,335,175,187,153,153,259,0,113,117
Mom078,PG,303,303,126,132,137,168,155,176,276,291,207,207,222,227,157,157,201,230,332,335,191,191,151,153,259,261,113,117
Mom084,PG,303,303,120,132,131,137,184,188,266,291,197,212,225,227,155,161,235,260,335,338,183,195,151,153,261,261,109,113
Mom091,PG,303,312,126,132,131,141,192,196,271,276,182,192,230,239,139,149,235,245,329,332,163,191,151,151,261,263,113,113
Mom092,PG,306,309,120,126,131,156,188,196,276,281,182,212,230,236,127,145,225,230,335,338,183,183,149,153,259,259,113,113
Mom096,PG,300,306,126,132,147,174,176,184,266,286,172,207,219,219,161,169,220,230,332,335,187,195,151,155,261,263,105,113
Mom098,PG,303,315,126,126,131,137,208,212,271,296,207,232,219,225,153,153,230,235,332,335,187,191,151,153,259,261,113,117
Mom103,PG,303,306,126,126,159,168,184,184,266,271,202,207,216,227,141,181,210,230,332,332,171,179,151,153,261,263,105,113
Mom107,PG,306,309,126,126,131,141,176,196,281,286,192,202,227,242,153,161,215,240,332,338,191,195,153,153,259,263,113,113
Mom112,PG,303,309,126,132,156,159,159,200,271,301,157,187,219,236,133,149,230,245,329,332,191,191,151,153,261,263,109,117
Mom114,PG,303,309,126,132,137,147,184,212,266,281,182,197,213,227,141,163,225,230,332,332,191,191,151,153,259,261,113,117
Mom115,PG,303,303,120,126,141,147,200,212,266,306,172,192,219,219,161,173,235,240,332,332,171,191,151,151,259,261,117,117
Mom116,PG,303,325,120,126,147,147,176,212,276,291,197,207,227,230,141,145,225,235,335,335,187,187,153,153,261,261,105,117
Mom117,PG,309,312,126,132,141,141,159,180,281,286,172,197,227,230,145,149,205,225,332,332,183,183,151,151,261,263,113,117
Mom122,PG,290,306,132,138,141,153,184,200,276,281,192,202,227,230,157,157,235,240,332,335,175,191,151,151,259,261,109,109
Mom125,PG,303,306,126,132,144,147,180,208,276,281,202,217,227,227,145,155,240,240,332,332,155,191,151,153,259,259,105,117
Mom129,PG,309,315,120,126,147,159,172,180,271,286,197,202,213,242,149,153,230,235,326,332,187,207,151,153,259,261,113,117
Mom131,PG,303,309,126,132,131,141,176,200,266,276,192,192,227,227,153,173,235,255,329,332,175,191,151,151,259,261,117,117
Mom137,PG,303,303,126,126,137,137,180,184,281,286,197,197,227,230,127,145,215,235,332,335,175,199,151,153,259,261,113,117
Mom139,PG,309,312,126,126,144,147,184,184,271,281,187,202,233,233,147,165,245,245,329,332,179,187,151,155,263,263,109,117
Mom141,PG,300,303,126,126,144,144,184,188,271,281,192,212,225,225,149,177,235,240,332,335,179,195,151,153,259,261,117,117
Mom146,PG,306,309,120,126,137,159,188,216,271,281,172,217,230,233,137,157,235,240,326,332,187,199,151,151,259,261,117,117
Mom152,PG,303,309,126,126,137,141,137,208,266,271,197,202,219,230,157,157,230,235,332,332,195,195,151,153,261,265,109,113
Mom158,PG,300,303,120,126,141,159,180,184,266,276,157,207,219,222,141,173,225,230,329,332,191,199,151,151,261,263,109,117
Mom159,PG,291,306,120,126,144,156,188,200,271,276,192,197,227,242,139,173,235,240,314,332,151,187,151,153,261,261,113,113
Mom160,PG,300,303,120,126,144,147,176,196,281,286,202,207,213,230,141,173,230,240,332,332,191,203,151,153,259,263,105,113
Mom163,PG,303,309,120,126,0,0,168,172,271,276,0,0,0,0,137,153,0,0,0,0,171,191,151,153,259,263,109,113
Mom165,PG,297,303,120,126,147,147,163,192,286,296,202,217,227,230,165,165,220,245,329,332,155,159,151,153,261,263,113,113
Mom167,PG,303,309,120,126,137,159,137,196,276,291,197,212,219,219,137,141,215,240,332,335,179,183,153,155,261,263,101,109
Mom179,PG,303,315,126,126,144,147,137,180,276,296,172,202,227,239,139,165,235,240,332,335,191,191,153,153,261,263,105,113
Mom180,PG,303,303,126,126,141,144,129,204,281,291,197,212,225,227,149,153,220,230,335,335,159,187,153,153,261,261,105,113
Mom181,PG,303,306,126,126,144,147,188,188,271,291,152,192,227,245,137,157,220,230,332,335,155,191,151,153,261,263,109,113
Mom182,PG,303,325,126,132,141,147,200,208,276,286,192,197,225,230,137,153,230,235,332,335,134,195,151,151,259,261,113,113
Mom183,PG,303,303,126,132,144,174,159,192,276,281,197,207,213,219,153,157,240,245,332,335,179,191,151,151,259,261,113,113
Mom186,PG,312,315,126,126,147,150,184,188,276,276,202,212,227,227,141,157,210,230,332,332,195,199,151,151,261,263,109,117
Mom187,PG,303,303,126,126,147,180,139,196,266,271,197,202,225,227,157,173,230,230,332,332,171,195,149,151,261,263,113,113
Mom190,PG,303,303,126,126,131,147,208,208,266,281,192,197,219,225,137,157,220,245,332,332,175,191,151,151,259,259,117,117
Mom193,PG,303,309,114,126,131,156,188,192,271,286,207,207,219,233,157,157,205,230,329,332,187,211,151,151,259,259,105,113
Mom197,PG,303,325,126,126,144,168,176,188,266,286,202,202,227,227,167,181,205,235,332,338,183,187,151,155,263,263,117,117
Mom199,PG,309,315,126,126,131,156,188,188,276,276,172,192,227,227,153,173,225,230,332,338,155,187,151,155,259,261,109,113
Mom231,PG,300,309,126,126,141,156,196,208,261,276,197,212,219,230,137,153,225,260,332,332,179,191,151,153,263,263,113,117
Mom232,PG,291,309,126,126,131,159,133,188,276,286,192,197,219,225,157,173,225,250,332,335,171,187,151,151,261,261,105,117
Mom235,PG,303,325,120,126,159,168,192,200,256,276,192,197,225,227,145,179,235,245,314,332,191,195,151,151,259,261,105,113
Mom236,PG,306,315,126,126,131,156,192,192,276,286,172,202,219,227,153,161,215,225,332,332,183,187,151,151,259,259,109,113
Mom239,PG,303,309,126,126,144,159,176,184,276,291,192,202,219,227,119,157,235,235,332,335,187,199,151,153,261,263,113,117
Mom240,PG,303,306,126,126,137,144,192,208,281,291,187,202,227,230,149,153,220,230,332,335,183,191,155,155,259,0,109,113
Mom242,PG,300,303,120,126,144,147,196,200,276,281,187,192,227,230,123,141,230,230,329,335,167,191,153,155,259,0,113,117
Mom246,PG,303,306,126,126,147,147,172,188,276,276,0,0,225,227,141,149,240,250,332,332,187,187,151,151,263,263,113,113
Mom247,PG,303,322,126,126,141,147,184,184,266,276,192,197,227,227,153,153,230,250,332,338,183,187,151,153,259,263,113,117
Mom249,PG,303,315,126,126,141,147,172,192,281,296,152,197,225,227,137,149,230,230,329,332,175,191,151,153,259,263,105,113
Mom255,PG,309,322,114,126,131,131,200,204,276,286,197,217,227,242,149,161,215,240,332,332,171,187,151,151,259,263,105,105
Mom256,PG,300,306,126,132,144,144,172,192,286,291,172,187,227,227,137,157,235,235,329,332,171,195,151,151,261,263,105,105
Mom257,PG,303,306,114,132,156,156,180,184,266,271,197,202,227,227,161,181,235,240,329,335,187,191,151,151,259,263,113,113
Nonb001,PG,303,309,126,132,141,144,192,196,271,281,202,207,227,227,123,157,210,250,332,332,171,191,151,155,259,261,109,113
Nonb006,PG,300,309,126,132,137,144,188,188,281,281,212,217,219,227,149,179,230,235,332,332,183,191,151,153,259,261,113,117
Nonb009,PG,303,303,126,126,144,162,184,204,266,271,187,217,216,227,157,173,225,235,335,335,159,191,151,151,259,261,109,113
Nonb015,PG,306,309,120,132,147,168,196,196,266,301,202,217,225,227,149,153,225,230,326,335,171,191,151,153,259,261,113,113
Nonb046,PG,300,309,114,126,131,141,172,184,281,291,187,197,219,227,157,177,235,240,332,335,187,195,151,153,259,263,113,113
Nonb065,PG,303,303,120,126,131,147,172,176,266,271,172,207,225,227,157,157,225,240,332,332,187,199,151,151,259,263,113,117
Nonb071,PG,303,303,126,132,131,159,192,204,266,291,187,222,213,236,153,153,210,220,332,335,171,175,151,153,259,261,105,113
Nonb110,PG,303,303,126,126,141,141,163,196,266,281,157,197,225,230,141,145,230,240,332,338,175,175,151,153,259,263,113,113
Nonb118,PG,303,303,126,132,147,153,168,168,266,291,192,212,213,219,149,173,230,235,332,338,175,203,151,151,261,261,105,109
Nonb124,PG,303,303,120,126,144,156,137,184,276,276,182,197,213,225,137,141,210,210,332,332,167,187,151,151,259,261,113,117
Nonb133,PG,309,322,120,126,131,156,184,192,271,276,197,202,213,227,141,145,230,235,332,338,191,199,151,151,261,263,105,113
Nonb142,PG,303,303,126,126,150,159,188,188,271,291,157,202,219,227,141,149,220,230,332,338,179,187,151,151,261,263,105,113
Nonb149,PG,309,309,126,126,144,147,180,208,271,296,182,202,227,227,143,149,225,245,332,335,191,191,151,151,259,261,105,113
Nonb153,PG,300,315,120,126,131,137,196,200,276,291,182,197,225,227,141,161,225,235,332,335,167,187,151,151,261,263,113,113
Nonb174,PG,300,312,126,132,131,171,184,192,276,286,157,192,213,216,165,165,210,225,335,335,187,195,149,153,261,263,109,117
Nonb184,PG,303,306,126,126,147,147,172,188,286,291,157,207,219,227,137,169,235,235,332,335,155,187,151,155,259,263,105,117
Nonb192,PG,303,303,126,132,137,159,180,216,266,286,187,197,219,230,145,153,225,235,332,332,171,175,151,153,259,261,113,117
Nonb211,PG,303,303,120,126,144,147,141,188,276,281,172,187,227,230,137,137,235,235,332,335,187,191,153,153,261,261,105,113
Nonb212,PG,300,309,126,126,153,183,192,192,261,286,152,152,219,227,157,165,235,235,332,338,179,179,151,153,259,263,105,113
Nonb218,PG,300,309,126,126,131,147,200,204,271,276,172,197,225,225,153,157,205,225,332,332,134,191,151,155,261,263,105,117
Nonb220,PG,309,309,114,126,144,171,180,188,276,291,197,212,227,227,145,153,205,230,332,338,179,187,151,155,263,263,113,117
Nonb227,PG,309,309,120,132,144,147,188,192,276,276,182,197,227,227,141,157,235,240,332,332,159,183,151,153,259,261,113,117
Nonb241,PG,300,303,120,126,137,144,168,184,286,286,202,202,227,227,145,169,220,240,332,332,179,203,151,155,263,263,109,113
Nonb245,PG,303,315,126,126,137,159,159,180,276,276,207,222,227,242,137,169,225,235,332,332,191,199,151,153,259,259,113,113
