15,98,1,98,1,,,,,,,,,,,,,,,,,,,,,,,,,,,
,,,,,,,,,,,,,,,,,,,,,,,,,,,,,,,
Sample,Site,Ap-01A,Ap-01B,Ap-02A,Ap-02B,AfAp-01A,AfAp-01B,AfAp-02A,AfAp-02B,AfAp-03A,AfAp-03B,AfAp-05A,AfAp-05B,AfAp-06A,AfAp-06B,AfAp-07A,AfAp-07B,AfAp-08A,AfAp-08B,AfAp-09A,AfAp-09B,AfAp-10A,AfAp-10B,1578A,1578B,B6A,B6B,D1A,D1B,D103A,D103B
Dad002,PG,174,178,116,116,141,147,158,170,272,272,221,244,273,273,104,120,210,215,321,321,171,179,153,157,169,169,263,275,261,289
Dad003,PG,154,162,116,116,141,150,162,184,272,272,215,230,270,273,96,132,215,230,321,321,175,179,153,157,145,161,267,267,237,273
Dad007,PG,150,166,119,122,147,147,166,190,267,297,238,247,273,279,112,116,220,235,321,321,163,175,153,153,157,161,263,275,261,281
Dad008,PG,154,170,119,122,141,144,170,174,267,282,215,232,273,273,112,116,220,235,321,324,151,175,153,153,145,173,267,267,273,281
Dad010,PG,166,170,119,122,150,159,162,166,257,267,232,244,270,273,116,140,220,230,321,324,155,195,153,153,145,173,255,267,261,285
Dad011,PG,162,166,116,122,141,141,182,186,257,282,244,244,267,273,104,124,220,225,315,321,175,179,153,153,165,173,263,267,257,257
Dad012,PG,158,170,122,122,141,144,186,186,252,272,215,238,273,273,112,132,210,220,321,321,179,179,153,153,157,157,275,283,261,285
Dad016,PG,150,156,116,116,135,141,166,186,267,267,215,238,270,270,108,120,205,220,321,321,175,175,153,153,145,173,251,267,0,0
Dad017,PG,158,158,116,119,147,156,182,190,282,297,215,230,270,273,112,132,220,225,321,321,147,159,153,153,145,169,263,267,285,285
Dad018,PG,158,174,116,116,141,144,166,182,257,292,215,244,273,273,128,152,205,215,321,324,163,179,153,153,149,169,267,271,281,285
Dad021,PG,140,150,116,122,150,150,166,186,252,277,221,221,273,273,124,132,225,225,321,321,175,179,153,153,145,153,255,267,261,277
Dad022,PG,162,162,116,116,141,150,158,194,267,267,215,232,273,273,100,100,220,225,321,321,171,179,153,159,161,169,255,267,273,293
Dad025,PG,158,182,116,116,147,150,166,178,252,272,235,244,273,273,112,124,210,280,315,321,163,167,153,157,145,161,267,267,277,285
Dad034,PG,150,158,116,122,150,150,166,194,257,257,230,235,273,279,100,132,210,215,321,321,167,175,153,159,157,157,267,271,237,285
Dad040,PG,150,154,119,119,141,150,158,202,267,267,215,238,273,279,116,128,220,230,321,321,143,175,153,153,149,157,255,275,273,310
Dad044,PG,124,166,113,119,141,150,158,194,272,282,230,238,270,273,112,144,225,230,321,321,143,175,153,157,153,165,259,275,273,273
Dad048,PG,158,174,116,122,138,141,174,182,267,272,238,238,273,279,112,116,225,240,312,321,159,179,153,153,149,165,255,295,269,281
Dad070,PG,150,158,119,122,150,150,166,166,267,272,238,238,273,273,108,132,220,235,321,321,179,191,153,153,153,181,251,271,279,279
Dad079,PG,166,186,116,122,141,159,166,172,247,267,227,238,273,273,128,128,225,225,321,321,155,203,153,157,145,157,259,267,257,269
Dad082,PG,150,162,119,122,135,144,166,170,272,297,235,241,270,273,104,112,220,220,321,321,171,175,153,153,145,153,267,267,245,261
Dad083,PG,150,150,116,119,135,150,162,166,272,272,230,230,273,273,112,120,220,220,321,321,187,187,153,153,149,173,255,267,277,285
Dad087,PG,154,166,119,122,135,150,158,162,262,267,215,215,273,279,112,124,210,220,321,321,179,179,153,157,157,157,263,267,265,277
Dad090,PG,158,166,119,122,147,150,158,174,267,277,215,241,279,279,100,132,210,220,324,324,167,175,153,153,165,173,255,275,285,290
Dad100,PG,158,186,119,119,144,144,158,158,257,267,218,235,273,273,112,124,220,230,321,324,159,183,153,157,161,165,255,275,257,281
Dad301,PG,150,170,119,122,141,150,158,162,257,277,215,238,270,273,112,132,210,230,321,321,171,175,153,153,153,157,263,267,237,237
Dad302,PG,154,178,119,119,150,156,166,166,272,277,235,238,273,279,116,116,215,220,321,324,167,175,153,153,145,149,271,279,237,281
Dad303,PG,166,174,119,119,150,150,182,182,267,287,215,215,273,273,104,124,210,210,321,324,175,183,153,153,157,157,255,267,273,277
Dad304,PG,150,162,119,119,138,138,158,166,272,282,230,244,279,279,104,120,210,235,321,324,175,195,153,153,169,173,255,267,261,285
Dad305,PG,154,166,119,122,132,144,166,182,257,262,215,215,273,273,116,136,210,230,321,321,167,179,153,157,149,173,263,275,261,273
Dad307,PG,166,166,119,119,144,150,166,174,277,277,215,230,270,273,112,120,210,220,315,321,175,183,153,153,145,149,263,275,261,285
Dad308,PG,150,174,119,119,147,165,166,182,282,282,215,235,276,276,112,128,205,220,321,324,155,179,153,153,161,161,267,275,285,285
Dad313,PG,145,154,113,116,129,136,166,214,272,292,215,232,279,279,112,132,210,215,315,321,159,179,153,153,157,157,251,286,249,273
Dad314,PG,150,162,119,122,141,159,178,202,257,267,224,235,279,279,112,140,205,225,321,321,179,203,153,157,157,165,255,267,278,318
Dad317,PG,140,150,116,119,141,150,158,166,257,277,232,247,270,279,112,124,210,225,321,321,191,195,153,153,153,161,267,275,269,269
Dad318,PG,150,158,116,119,141,150,158,178,267,282,215,238,273,273,112,116,205,210,324,324,167,183,153,153,153,157,271,279,257,282
Dad322,PG,150,178,119,119,141,150,158,178,272,277,215,224,273,279,104,124,215,225,321,321,179,199,153,153,145,145,267,271,277,281
Dad326,PG,150,166,119,119,141,150,158,166,257,267,215,215,273,273,116,120,220,240,321,324,155,195,153,153,153,157,263,267,261,261
Dad327,PG,158,174,119,122,147,150,166,166,277,282,230,238,273,279,100,132,220,220,321,321,163,183,153,153,145,153,271,275,269,273
Dad329,PG,158,166,122,122,144,150,158,166,272,287,215,238,273,273,104,112,220,230,321,321,163,167,153,157,153,157,263,275,261,290
Dad332,PG,158,166,119,119,144,150,154,162,267,267,215,232,273,273,104,112,215,220,321,321,139,155,153,153,153,161,263,267,261,269
Dad334,PG,145,166,116,119,141,156,158,202,247,247,235,238,273,273,100,104,220,240,321,324,171,171,153,153,153,161,255,271,237,261
Mom014,PG,150,178,119,122,150,159,166,182,277,282,232,250,273,279,104,112,205,215,321,324,179,187,153,157,153,153,267,271,269,281
Mom019,PG,154,166,116,119,144,147,162,174,267,277,215,238,273,276,104,112,220,240,321,324,175,175,153,153,153,157,263,271,261,285
Mom024,PG,162,166,119,122,150,150,178,178,247,267,230,238,273,273,116,124,210,220,321,324,175,191,153,153,145,153,263,267,257,285
Mom028,PG,158,186,116,122,147,150,182,182,257,277,235,238,270,273,93,112,215,230,321,324,175,199,153,157,149,169,255,267,269,281
Mom033,PG,166,174,119,119,144,150,158,158,267,267,224,238,273,273,124,128,210,220,315,324,167,199,153,153,145,161,255,267,273,281
Mom036,PG,154,158,116,122,150,156,166,166,247,257,232,244,270,273,100,100,205,235,321,321,151,175,153,153,149,153,267,283,281,281
Mom038,PG,136,158,122,122,147,147,166,166,267,267,235,250,273,273,112,116,210,215,321,324,175,183,153,155,157,165,263,275,269,269
Mom039,PG,150,162,119,119,141,144,166,202,277,277,215,235,273,273,104,140,215,220,321,321,175,175,153,157,161,165,267,271,269,273
Mom041,PG,150,178,119,122,144,150,166,166,272,282,215,230,276,279,116,124,205,215,321,321,179,199,153,153,149,173,267,267,277,285
Mom049,PG,145,150,116,122,147,150,162,162,267,277,235,238,273,273,112,120,205,220,321,321,175,179,153,153,157,173,255,263,261,277
Mom051,PG,158,166,119,119,147,156,166,166,267,282,215,238,273,273,104,132,205,235,321,321,159,163,153,153,149,157,267,267,253,297
Mom053,PG,154,162,119,119,141,150,166,170,257,272,238,244,273,273,116,132,205,210,321,321,163,175,153,159,149,157,251,267,237,249
Mom054,PG,150,170,116,119,144,150,158,174,267,277,221,244,273,279,112,116,210,220,312,321,175,179,153,157,161,161,275,279,265,285
Mom061,PG,170,170,116,122,144,147,182,182,262,267,221,238,273,273,104,136,220,240,312,321,175,183,153,159,145,149,263,271,257,285
Mom074,PG,154,166,116,119,144,150,158,166,257,292,232,244,273,279,124,124,230,230,315,321,167,183,153,155,157,161,263,267,257,257
Mom081,PG,140,158,119,119,144,150,158,178,257,267,215,238,273,273,100,116,210,220,321,321,155,167,153,153,149,161,271,275,277,281
Mom094,PG,170,174,116,122,147,150,170,182,257,267,235,244,273,273,104,112,215,225,321,321,191,195,153,157,145,161,247,263,273,281
Mom095,PG,140,150,119,122,147,147,158,158,272,282,221,230,270,279,124,124,210,225,315,321,159,163,153,157,165,173,235,275,269,273
Mom105,PG,154,186,119,119,150,156,166,166,267,282,215,247,279,279,96,116,210,220,321,324,175,191,153,153,153,169,255,275,277,285
Mom306,PG,150,158,119,119,141,150,178,190,282,287,215,230,273,273,104,148,215,220,321,321,163,175,153,157,145,149,271,271,237,261
Mom310,PG,166,170,116,122,135,147,166,194,267,277,215,232,270,273,104,108,210,225,321,321,163,163,153,153,145,157,263,267,277,277
Mom311,PG,166,186,116,122,141,141,166,166,267,272,235,241,273,276,112,116,210,220,321,321,179,187,153,157,149,165,263,267,261,261
Mom315,PG,145,166,116,122,141,150,166,166,257,267,215,221,270,273,104,112,215,230,321,321,175,195,153,153,161,161,255,267,261,277
Mom316,PG,154,166,116,122,141,144,182,190,257,282,215,241,273,273,116,128,210,220,321,321,167,179,153,153,145,157,263,279,265,285
Mom320,PG,140,154,119,119,147,162,166,174,257,282,215,238,267,267,112,132,225,225,321,321,171,183,153,159,145,157,275,279,261,261
Mom323,PG,166,166,119,119,150,156,166,194,257,257,230,232,273,273,112,116,220,225,321,321,179,187,153,153,145,161,267,279,237,285
Mom324,PG,158,158,119,122,141,141,158,166,257,267,241,247,270,273,116,132,205,230,321,324,163,183,153,153,153,169,247,275,261,281
Mom328,PG,150,158,116,119,147,150,166,166,272,272,230,235,273,276,112,116,215,220,321,324,175,179,153,153,145,157,267,275,261,261
Juv035,PG,162,162,119,119,141,150,166,166,257,267,215,241,273,273,112,152,220,225,315,321,175,191,153,153,153,165,255,279,269,281
Juv058,PG,150,158,116,119,147,150,178,182,247,267,235,238,273,282,124,124,230,230,321,321,175,179,153,155,149,153,255,263,261,261
Juv099,PG,136,136,119,125,138,150,158,166,267,282,215,230,273,279,104,116,210,220,321,321,179,203,153,153,157,173,255,283,257,261
Juv321,PG,150,194,116,116,141,144,166,166,267,282,235,238,273,273,104,112,220,225,321,321,179,183,153,153,145,157,247,279,261,269
Juv335,PG,145,158,116,119,144,150,166,170,272,272,221,230,276,279,104,112,215,220,312,321,167,183,153,157,149,161,271,275,285,285
Juv336,PG,145,154,119,119,135,144,190,190,267,272,238,244,273,279,112,112,210,210,321,324,183,195,153,153,145,173,259,263,261,281
Juv338,PG,162,162,116,119,150,150,166,182,267,267,235,244,273,279,112,124,210,235,321,321,163,179,153,157,153,157,251,259,257,290
Juv339,PG,150,170,116,116,153,156,166,170,267,282,235,244,273,279,104,112,235,240,321,321,179,199,153,155,177,181,271,271,281,281
Juv340,PG,158,162,119,119,141,150,170,190,262,272,215,238,273,279,100,116,215,235,321,321,143,167,155,157,149,169,263,267,249,273
Juv341,PG,145,162,116,122,141,141,158,162,267,272,230,232,273,273,116,132,205,220,324,324,175,179,153,159,157,157,267,267,257,261
Juv343,PG,150,158,116,116,141,150,170,170,267,277,230,230,273,273,116,116,210,230,315,324,167,179,153,153,145,153,263,279,269,269
Juv344,PG,145,158,119,119,150,150,162,166,272,277,215,232,273,279,104,116,220,220,315,321,159,183,153,157,157,161,267,275,282,282
Juv345,PG,145,174,119,119,144,150,190,190,272,272,238,244,273,279,112,144,205,210,321,321,179,183,153,153,145,169,263,267,281,298
Juv346,PG,158,166,116,119,147,150,166,190,257,272,238,238,273,273,124,128,215,220,324,324,167,171,155,155,149,173,247,267,273,273
Juv348,PG,150,166,119,119,141,144,186,186,267,277,215,247,273,279,116,132,210,220,321,324,167,179,153,159,149,165,259,263,257,281
Juv349,PG,158,166,119,119,147,147,158,182,277,287,235,244,276,279,124,124,205,235,321,321,171,171,153,153,147,159,271,271,257,277
Juv350,PG,154,158,116,131,150,150,166,170,262,292,221,227,273,273,104,116,205,220,321,324,167,175,153,153,155,175,267,275,261,269
Nb013,PG,158,162,116,119,147,147,158,194,267,267,244,244,270,279,120,136,205,220,321,321,171,175,153,153,157,173,267,267,285,297
Nb104,PG,174,178,119,119,141,141,158,166,272,272,232,235,270,273,116,128,220,240,321,321,179,191,153,153,157,161,255,271,261,261
Nb309,PG,150,150,116,122,141,141,166,182,267,282,232,244,270,273,112,116,205,220,321,324,179,191,173,173,145,161,263,271,277,277
Nb312,PG,158,170,119,122,138,144,158,190,247,272,215,235,273,279,112,116,210,220,321,324,167,179,153,155,161,165,267,267,249,298
Nb319,PG,158,162,122,131,141,153,158,166,272,282,230,238,273,273,108,132,210,215,321,321,155,191,153,153,157,161,267,271,253,261
Nb325,PG,158,158,119,122,141,141,158,166,257,267,241,247,273,279,104,132,220,220,321,324,163,179,153,153,157,173,251,279,281,281
Nb330,PG,166,170,119,119,135,144,166,194,257,282,215,238,273,273,116,140,220,230,321,324,175,179,153,153,173,173,259,271,265,298
Nb331,PG,166,166,119,122,144,150,166,192,257,267,215,241,273,276,104,116,210,210,315,324,171,179,153,153,145,157,247,259,265,269
Nb333,PG,154,154,116,119,141,150,166,178,267,277,221,235,270,273,104,116,220,225,321,321,167,179,153,153,153,165,251,255,249,323
Nb337,PG,158,166,122,122,147,156,162,190,267,277,215,238,270,273,112,128,215,230,321,324,175,199,153,155,157,161,255,263,269,281
Nb342,PG,145,166,116,122,147,150,166,178,247,287,215,235,270,279,132,144,205,215,321,321,167,179,153,153,161,173,267,275,261,261
Nb347,PG,154,166,122,122,141,156,158,166,257,267,215,232,273,279,124,140,220,235,321,321,163,171,153,157,157,161,267,275,285,285
